0,29,23,19,"30, 81
39, 83
48, 86
56, 91
64, 96"
1,23,24,68,"71, 92
76, 85
84, 80
93, 76
103, 73
111, 77
120, 77
129, 76"
2,24,26,58,"129, 76
138, 76
147, 76
156, 77
165, 78
174, 78
183, 78
191, 79"
3,23,27,34,"64, 96
58, 102
59, 111
59, 120
58, 129
65, 135
74, 136"
4,23,28,52,"73, 100
80, 107
89, 111
97, 116
106, 117"
5,28,25,16,"106, 117
115, 118
124, 121"
6,25,19,74,"124, 121
133, 121
142, 124
151, 127
160, 130
169, 134
178, 136
187, 138
196, 142"
7,19,1,94,"196, 142
205, 146
213, 151
222, 155
229, 162
234, 170
240, 177
244, 186"
8,1,3,39,"244, 186
250, 193
255, 201
261, 208
268, 215
275, 222"
9,3,2,29,"275, 222
282, 215
288, 208
295, 202
295, 202"
10,2,22,37,"295, 202
304, 203
313, 207
322, 208
331, 209"
11,22,20,35,"331, 209
332, 200
334, 191
335, 182
338, 173"
12,20,21,32,"338, 173
347, 173
356, 177
365, 179
374, 179
383, 177"
13,21,35,34,"383, 177
389, 170
394, 163
398, 154
399, 145
399, 136"
14,35,36,59,"399, 136
399, 127
399, 118
403, 109
408, 101
413, 93
420, 87"
15,3,0,23,"284, 226
293, 227
302, 227"
16,0,5,36,"302, 227
302, 236
304, 245
309, 253
307, 262"
17,0,4,34,"302, 227
311, 230
320, 229
328, 228
337, 226"
18,4,6,24,"337, 226
346, 223
355, 220
363, 216
372, 212"
19,6,7,33,"372, 212
381, 210
390, 207
399, 204
408, 202"
20,7,8,19,"408, 202
409, 193
410, 184
412, 175"
21,7,9,27,"408, 202
416, 197
425, 195
429, 186"
22,7,10,51,"408, 202
413, 210
418, 218
426, 223
434, 228
443, 229
450, 228"
23,9,10,36,"429, 186
435, 193
439, 202
441, 211
445, 220
450, 228"
24,8,21,20,"383, 177
390, 175
397, 177
406, 175
412, 175"
25,10,30,74,"450, 228
457, 221
466, 217
474, 213
480, 206
484, 197
486, 188
486, 179"
26,30,33,40,"486, 179
480, 172
471, 170
462, 166"
27,30,31,20,"486, 179
493, 172
495, 163
491, 154
484, 147"
28,31,32,29,"484, 147
481, 138
476, 130
480, 122
488, 117"
29,32,34,58,"488, 117
496, 122
504, 127
513, 130
519, 137
523, 146
527, 154
524, 163
527, 172"
30,10,11,65,"450, 228
456, 234
463, 241
468, 249
477, 253
485, 257
492, 263"
31,11,12,53,"492, 263
499, 270
504, 278
511, 285
520, 289
526, 296"
32,12,13,30,"526, 296
528, 305
533, 313
537, 322"
33,13,14,26,"537, 322
537, 331
536, 340
531, 346
523, 351"
34,14,15,69,"523, 351
515, 356
508, 362
499, 363
491, 368
486, 376
486, 385"
35,15,16,30,"486, 385
484, 394
480, 403
476, 412
477, 421"
36,16,18,45,"477, 421
486, 424
495, 426
504, 428
512, 433"
37,18,17,60,"512, 433
521, 429
526, 421
529, 412
534, 404
528, 397"
38,15,17,32,"486, 385
495, 387
504, 387
513, 390
522, 391"
39,14,17,95,"522, 382
526, 373
530, 364
532, 355"
40,18,37,52,"512, 433
516, 442
524, 447
533, 444
540, 438
549, 435
558, 435
567, 436"
41,37,38,60,"567, 436
576, 437
585, 441
594, 438
598, 429
597, 420
593, 411
589, 402
591, 393"
42,38,39,29,"591, 393
600, 396
607, 401
615, 406
624, 404
630, 411"
43,39,40,51,"630, 411
638, 407
647, 406
654, 413"
44,38,41,95,"591, 393
593, 384
600, 377
607, 370
616, 368
625, 367
631, 360
636, 352
634, 343"
45,41,42,55,"634, 343
632, 334
631, 325
628, 316
623, 308
619, 299
614, 291"
46,25,43,45,"123, 129
124, 137
126, 145
130, 154
135, 162
139, 171"
47,43,45,48,"139, 171
143, 180
147, 189
151, 196
155, 205
159, 214"
48,45,44,56,"159, 214
164, 206
169, 198
176, 191
184, 186
192, 181
196, 172"
49,38,46,37,"582, 390
577, 382
581, 373
575, 366
566, 368"
50,2,47,74,"289, 200
282, 193
279, 184
278, 175
277, 166
277, 157
275, 148
268, 141
263, 133"
51,1,47,64,"244, 186
250, 179
257, 175
258, 166
258, 157
254, 148
261, 142"
52,19,47,35,"205, 134
214, 134
223, 134
232, 130
241, 130
250, 133"
53,48,47,27,"263, 133
269, 126
276, 119
283, 115
284, 106"
54,49,48,28,"284, 106
275, 105
266, 104
257, 100"
55,49,19,47,"249, 102
240, 106
231, 109
224, 116
222, 125
215, 131
205, 136"
56,27,50,28,"74, 136
78, 145
80, 154
83, 163"
57,50,51,36,"83, 163
83, 172
83, 181
83, 190
76, 196"
58,62,51,36,"76, 196
67, 198
58, 200
49, 203
40, 203"
59,45,52,47,"159, 214
164, 222
170, 229
174, 238
176, 247
180, 256
180, 256"
60,52,53,18,"180, 256
171, 256
162, 256"
61,52,60,46,"180, 256
182, 265
184, 274
185, 283
191, 290
198, 297"
62,60,61,36,"198, 297
207, 300
216, 302
225, 303
234, 303"
63,61,59,36,"234, 303
243, 306
252, 309
261, 310
270, 310"
64,59,55,36,"270, 310
279, 308
288, 307
297, 307
306, 305"
65,5,54,270,"307, 262
305, 271
303, 280
305, 289"
66,54,55,18,"305, 289
306, 297
306, 305"
67,55,56,28,"306, 305
315, 305
324, 305
333, 309"
68,56,57,45,"333, 309
341, 314
346, 322
351, 330
358, 336
366, 341"
69,57,58,37,"366, 341
373, 347
380, 354
389, 357
398, 359"
70,60,70,1,"198, 297
195, 305
196, 314
197, 326
199, 335"
71,69,70,1,"199, 335
196, 344
194, 353
192, 362
192, 371
188, 380"
72,70,71,1,"199, 335
202, 342
207, 349
209, 354
210, 359"
73,71,69,1,"210, 366
202, 371
195, 376
188, 380"
74,68,69,1,"188, 380
178, 381
169, 379
160, 376
151, 371
142, 368"
75,66,68,1,"142, 368
133, 369
124, 371
115, 371
106, 371
97, 372
88, 373"
76,66,67,1,"88, 373
79, 374
70, 375
63, 376
55, 378"
77,54,63,1,"305, 289
309, 283
316, 286
323, 282
330, 278
336, 274"
78,58,64,1,"398, 318
398, 326
402, 334
404, 342
404, 350
401, 362"
79,64,65,1,"398, 318
400, 310
400, 302
395, 294
393, 286"
80,72,73,1,"457, 501
454, 507
451, 512
448, 517 
444, 521
443, 528
439, 535",
81,73,74,1,"439, 535
429, 536
419, 534
409, 536
399, 534
387, 535",                                                                                                                                                                                                      
